Breakdown,2019,2018,2017
Shares_(Basic),,,
Shares_(Diluted),,,
"Cash,_Cash_Equivalents_&_Short_Term_Investments",,,
Accounts_&_Notes_Receivable,,,
Inventories,,,
Total_Current_Assets,,,
"Property,_Plant_&_Equipment,_Net",,,
Long_Term_Investments_&_Receivables,,,
Other_Long_Term_Assets,,,
Total_Noncurrent_Assets,,,
Total_Assets,,,
Payables_&_Accruals,,,
Short_Term_Debt,,,
Total_Current_Liabilities,,,
Long_Term_Debt,,,
Total_Noncurrent_Liabilities,,,
Total_Liabilities,,,
Share_Capital_&_Additional_Paid-In_Capital,,,
Treasury_Stock,,,
Retained_Earnings,,,
Total_Equity,,,
Total_Liabilities_&_Equity,,,