Breakdown,12/31/19,12/31/18,12/31/17,12/31/16,12/31/15,12/31/14,12/31/13,12/31/12,12/31/11,12/31/10
Shares_(Basic),,,,,,,,,,
Shares_(Diluted),,,,,,,,,,
Net_Income/Starting_Line,,,,,,,,,,
Depreciation_&_Amortization,,,,,,,,,,
Non-Cash_Items,,,,,,,,,,
Change_in_Working_Capital,,,,,,,,,,
Change_in_Accounts_Receivable,,,,,,,,,,
Change_in_Inventories,,,,,,,,,,
Change_in_Accounts_Payable,,,,,,,,,,
Change_in_Other,,,,,,,,,,
Net_Cash_from_Operating_Activities,,,,,,,,,,
Change_in_Fixed_Assets_&_Intangibles,,,,,,,,,,
Net_Change_in_Long_Term_Investment,,,,,,,,,,
Net_Cash_from_Acquisitions_&_Divestitures,,,,,,,,,,
Net_Cash_from_Investing_Activities,,,,,,,,,,
Dividends_Paid,,,,,,,,,,
Cash_from_(Repayment_of)_Debt,,,,,,,,,,
Cash_from_(Repurchase_of)_Equity,,,,,,,,,,
Net_Cash_from_Financing_Activities,,,,,,,,,,
Net_Change_in_Cash,,,,,,,,,,