Breakdown,2019/12,2019/11,2019/10,2019/9,2019/8,2019/7,2019/6,2019/5,2019/4,2019/3,2019/2,2019/1
Revenue,,,,,,,,,,,,
Cost_of_Revenue,,,,,,,,,,,,
Gross_Profit,,,,,,,,,,,,
Operating_Expenses,,,,,,,,,,,,
"Selling,_General_&_Administrative",,,,,,,,,,,,
Total Depreciation,,,,,,,,,,,,
Operating_Income_(Loss),,,,,,,,,,,,
"Interest_Expense,_Net",,,,,,,,,,,,
Non-Operating_Income_(Loss),,,,,,,,,,,,
Pretax_Income_(Loss),,,,,,,,,,,,
"Income_Tax_(Expense)_Benefit,_Net",,,,,,,,,,,,
Income_(Loss)_from_Continuing_Operations,,,,,,,,,,,,
Net_Income,,,,,,,,,,,,
Net_Income_(Common),,,,,,,,,,,,
EBITDA,,,,,,,,,,,,